"id","mongo_id","first_name","last_name","phone","created_at","updated_at"
"1","67a3da68f64b0a4eb35f9871","Sameh","Mostafa","010844500228","2025-02-05 21:38:48","2025-02-05 21:38:48"
"2","67a3da68f64b0a4eb35f9877","Mostafa","Waleed","012423628658","2025-02-05 21:38:49","2025-02-05 21:38:49"
"3","67a3da68f64b0a4eb35f987d","Omar","Ashraf","011707172832","2025-02-05 21:38:49","2025-02-05 21:38:49"
"4","67a3da68f64b0a4eb35f9882","Ahmed","Mahmoud","010353018085","2025-02-05 21:38:49","2025-02-05 21:38:49"
"5","67a3da68f64b0a4eb35f9887","Hossam","Sameh","011818757237","2025-02-05 21:38:49","2025-02-05 21:38:49"
"6","67a3da68f64b0a4eb35f988b","Ibrahim","Gamal","012537683502","2025-02-05 21:38:49","2025-02-05 21:38:49"
"7","67a3da68f64b0a4eb35f9891","Mohamed","Amr","012271435214","2025-02-05 21:38:49","2025-02-05 21:38:49"
"8","67a3da68f64b0a4eb35f9896","Mahmoud","Hesham","011261012140","2025-02-05 21:38:49","2025-02-05 21:38:49"
"9","67a3da69f64b0a4eb35f989c","Waleed","Samir","010911711533","2025-02-05 21:38:49","2025-02-05 21:38:49"
"10","67a3da69f64b0a4eb35f98a1","Karim","Sameh","011977670399","2025-02-05 21:38:49","2025-02-05 21:38:49"
