"id","mongo_id","name","phone","created_at","updated_at"
"1","67a3da68f64b0a4eb35f9872","Omar Tarek","011129454389","2025-02-05 21:38:48","2025-02-05 21:38:48"
"2","67a3da68f64b0a4eb35f9878","Ibrahim Mahmoud","012552656859","2025-02-05 21:38:49","2025-02-05 21:38:49"
"3","67a3da68f64b0a4eb35f987e","Ashraf Saeed","012948179068","2025-02-05 21:38:49","2025-02-05 21:38:49"
"4","67a3da68f64b0a4eb35f9883","Ramy Saeed","011691759204","2025-02-05 21:38:49","2025-02-05 21:38:49"
"5","67a3da68f64b0a4eb35f9888","Sameh Tarek","011106688278","2025-02-05 21:38:49","2025-02-05 21:38:49"
"6","67a3da68f64b0a4eb35f988c","Tamer Mostafa","010674464220","2025-02-05 21:38:49","2025-02-05 21:38:49"
"7","67a3da68f64b0a4eb35f9892","Youssef Mahmoud","012159083651","2025-02-05 21:38:49","2025-02-05 21:38:49"
"8","67a3da68f64b0a4eb35f9897","Mahmoud Sameh","011668954288","2025-02-05 21:38:49","2025-02-05 21:38:49"
"9","67a3da69f64b0a4eb35f989d","Waleed Hossam","011972014110","2025-02-05 21:38:49","2025-02-05 21:38:49"
"10","67a3da69f64b0a4eb35f98a2","Ali Samir","010624077813","2025-02-05 21:38:49","2025-02-05 21:38:49"
