"id","mongo_id","order_id","order_number","created_at","updated_at"
"1","67a3da68f64b0a4eb35f9873","1","4233895-0","2025-02-05 21:38:49","2025-02-05 21:38:49"
"2","67a3da68f64b0a4eb35f9879","2","4233895-1","2025-02-05 21:38:49","2025-02-05 21:38:49"
"3","67a3da68f64b0a4eb35f987f","3","4233895-2","2025-02-05 21:38:49","2025-02-05 21:38:49"
"4","67a3da68f64b0a4eb35f9884","4","4233895-3","2025-02-05 21:38:49","2025-02-05 21:38:49"
"5","67a3da68f64b0a4eb35f9889","5","4233895-4","2025-02-05 21:38:49","2025-02-05 21:38:49"
"6","67a3da68f64b0a4eb35f988d","6","4233895-5","2025-02-05 21:38:49","2025-02-05 21:38:49"
"7","67a3da68f64b0a4eb35f9893","7","4233895-6","2025-02-05 21:38:49","2025-02-05 21:38:49"
"8","67a3da68f64b0a4eb35f9898","8","4233895-7","2025-02-05 21:38:49","2025-02-05 21:38:49"
"9","67a3da69f64b0a4eb35f989e","9","4233895-8","2025-02-05 21:38:49","2025-02-05 21:38:49"
"10","67a3da69f64b0a4eb35f98a3","10","4233895-9","2025-02-05 21:38:49","2025-02-05 21:38:49"
